id,住所,緯度,経度
1,和歌山県田辺市秋津町100番地,33.74506608483165,135.3886655293678
2,和歌山県東牟婁郡串本町串本2304成和ビル1F,33.471795253843936,135.782029239663